model,item_number,repetition,raw_response,parsed_response,timestamp,temperature,status,error_message
minimax/minimax-m2.7,1,1,,,2026-03-30T21:44:46.083397+00:00,1.0,error,"HTTPSConnectionPool(host='openrouter.ai', port=443): Max retries exceeded with url: /api/v1/chat/completions (Caused by NameResolutionError(""HTTPSConnection(host='openrouter.ai', port=443): Failed to resolve 'openrouter.ai' ([Errno 8] nodename nor servname provided, or not known)""))"
minimax/minimax-m2.7,1,2,,,2026-03-30T21:44:46.599318+00:00,1.0,error,"HTTPSConnectionPool(host='openrouter.ai', port=443): Max retries exceeded with url: /api/v1/chat/completions (Caused by NameResolutionError(""HTTPSConnection(host='openrouter.ai', port=443): Failed to resolve 'openrouter.ai' ([Errno 8] nodename nor servname provided, or not known)""))"
minimax/minimax-m2.7,1,3,,,2026-03-30T21:44:47.115250+00:00,1.0,error,"HTTPSConnectionPool(host='openrouter.ai', port=443): Max retries exceeded with url: /api/v1/chat/completions (Caused by NameResolutionError(""HTTPSConnection(host='openrouter.ai', port=443): Failed to resolve 'openrouter.ai' ([Errno 8] nodename nor servname provided, or not known)""))"
minimax/minimax-m2.7,1,4,,,2026-03-30T21:44:47.631294+00:00,1.0,error,"HTTPSConnectionPool(host='openrouter.ai', port=443): Max retries exceeded with url: /api/v1/chat/completions (Caused by NameResolutionError(""HTTPSConnection(host='openrouter.ai', port=443): Failed to resolve 'openrouter.ai' ([Errno 8] nodename nor servname provided, or not known)""))"
minimax/minimax-m2.7,1,5,,,2026-03-30T21:44:48.138423+00:00,1.0,error,"HTTPSConnectionPool(host='openrouter.ai', port=443): Max retries exceeded with url: /api/v1/chat/completions (Caused by NameResolutionError(""HTTPSConnection(host='openrouter.ai', port=443): Failed to resolve 'openrouter.ai' ([Errno 8] nodename nor servname provided, or not known)""))"
minimax/minimax-m2.7,1,6,,,2026-03-30T21:44:48.648216+00:00,1.0,error,"HTTPSConnectionPool(host='openrouter.ai', port=443): Max retries exceeded with url: /api/v1/chat/completions (Caused by NameResolutionError(""HTTPSConnection(host='openrouter.ai', port=443): Failed to resolve 'openrouter.ai' ([Errno 8] nodename nor servname provided, or not known)""))"
minimax/minimax-m2.7,1,7,,,2026-03-30T21:44:49.160113+00:00,1.0,error,"HTTPSConnectionPool(host='openrouter.ai', port=443): Max retries exceeded with url: /api/v1/chat/completions (Caused by NameResolutionError(""HTTPSConnection(host='openrouter.ai', port=443): Failed to resolve 'openrouter.ai' ([Errno 8] nodename nor servname provided, or not known)""))"
minimax/minimax-m2.7,1,8,,,2026-03-30T21:44:49.672105+00:00,1.0,error,"HTTPSConnectionPool(host='openrouter.ai', port=443): Max retries exceeded with url: /api/v1/chat/completions (Caused by NameResolutionError(""HTTPSConnection(host='openrouter.ai', port=443): Failed to resolve 'openrouter.ai' ([Errno 8] nodename nor servname provided, or not known)""))"
minimax/minimax-m2.7,1,9,,,2026-03-30T21:44:50.179610+00:00,1.0,error,"HTTPSConnectionPool(host='openrouter.ai', port=443): Max retries exceeded with url: /api/v1/chat/completions (Caused by NameResolutionError(""HTTPSConnection(host='openrouter.ai', port=443): Failed to resolve 'openrouter.ai' ([Errno 8] nodename nor servname provided, or not known)""))"
minimax/minimax-m2.7,1,10,,,2026-03-30T21:44:50.694498+00:00,1.0,error,"HTTPSConnectionPool(host='openrouter.ai', port=443): Max retries exceeded with url: /api/v1/chat/completions (Caused by NameResolutionError(""HTTPSConnection(host='openrouter.ai', port=443): Failed to resolve 'openrouter.ai' ([Errno 8] nodename nor servname provided, or not known)""))"
minimax/minimax-m2.7,2,1,,,2026-03-30T21:44:51.208517+00:00,1.0,error,"HTTPSConnectionPool(host='openrouter.ai', port=443): Max retries exceeded with url: /api/v1/chat/completions (Caused by NameResolutionError(""HTTPSConnection(host='openrouter.ai', port=443): Failed to resolve 'openrouter.ai' ([Errno 8] nodename nor servname provided, or not known)""))"
minimax/minimax-m2.7,2,2,,,2026-03-30T21:44:51.721810+00:00,1.0,error,"HTTPSConnectionPool(host='openrouter.ai', port=443): Max retries exceeded with url: /api/v1/chat/completions (Caused by NameResolutionError(""HTTPSConnection(host='openrouter.ai', port=443): Failed to resolve 'openrouter.ai' ([Errno 8] nodename nor servname provided, or not known)""))"
minimax/minimax-m2.7,2,3,,,2026-03-30T21:44:52.234787+00:00,1.0,error,"HTTPSConnectionPool(host='openrouter.ai', port=443): Max retries exceeded with url: /api/v1/chat/completions (Caused by NameResolutionError(""HTTPSConnection(host='openrouter.ai', port=443): Failed to resolve 'openrouter.ai' ([Errno 8] nodename nor servname provided, or not known)""))"
minimax/minimax-m2.7,2,4,,,2026-03-30T21:44:52.750026+00:00,1.0,error,"HTTPSConnectionPool(host='openrouter.ai', port=443): Max retries exceeded with url: /api/v1/chat/completions (Caused by NameResolutionError(""HTTPSConnection(host='openrouter.ai', port=443): Failed to resolve 'openrouter.ai' ([Errno 8] nodename nor servname provided, or not known)""))"
minimax/minimax-m2.7,2,5,,,2026-03-30T21:44:53.263356+00:00,1.0,error,"HTTPSConnectionPool(host='openrouter.ai', port=443): Max retries exceeded with url: /api/v1/chat/completions (Caused by NameResolutionError(""HTTPSConnection(host='openrouter.ai', port=443): Failed to resolve 'openrouter.ai' ([Errno 8] nodename nor servname provided, or not known)""))"
minimax/minimax-m2.7,2,6,,,2026-03-30T21:44:53.775644+00:00,1.0,error,"HTTPSConnectionPool(host='openrouter.ai', port=443): Max retries exceeded with url: /api/v1/chat/completions (Caused by NameResolutionError(""HTTPSConnection(host='openrouter.ai', port=443): Failed to resolve 'openrouter.ai' ([Errno 8] nodename nor servname provided, or not known)""))"
minimax/minimax-m2.7,2,7,,,2026-03-30T21:44:54.284580+00:00,1.0,error,"HTTPSConnectionPool(host='openrouter.ai', port=443): Max retries exceeded with url: /api/v1/chat/completions (Caused by NameResolutionError(""HTTPSConnection(host='openrouter.ai', port=443): Failed to resolve 'openrouter.ai' ([Errno 8] nodename nor servname provided, or not known)""))"
minimax/minimax-m2.7,2,8,,,2026-03-30T21:44:54.800316+00:00,1.0,error,"HTTPSConnectionPool(host='openrouter.ai', port=443): Max retries exceeded with url: /api/v1/chat/completions (Caused by NameResolutionError(""HTTPSConnection(host='openrouter.ai', port=443): Failed to resolve 'openrouter.ai' ([Errno 8] nodename nor servname provided, or not known)""))"
minimax/minimax-m2.7,2,9,,,2026-03-30T21:44:55.310508+00:00,1.0,error,"HTTPSConnectionPool(host='openrouter.ai', port=443): Max retries exceeded with url: /api/v1/chat/completions (Caused by NameResolutionError(""HTTPSConnection(host='openrouter.ai', port=443): Failed to resolve 'openrouter.ai' ([Errno 8] nodename nor servname provided, or not known)""))"
minimax/minimax-m2.7,2,10,,,2026-03-30T21:44:55.817340+00:00,1.0,error,"HTTPSConnectionPool(host='openrouter.ai', port=443): Max retries exceeded with url: /api/v1/chat/completions (Caused by NameResolutionError(""HTTPSConnection(host='openrouter.ai', port=443): Failed to resolve 'openrouter.ai' ([Errno 8] nodename nor servname provided, or not known)""))"
minimax/minimax-m2.7,3,1,,,2026-03-30T21:44:56.333805+00:00,1.0,error,"HTTPSConnectionPool(host='openrouter.ai', port=443): Max retries exceeded with url: /api/v1/chat/completions (Caused by NameResolutionError(""HTTPSConnection(host='openrouter.ai', port=443): Failed to resolve 'openrouter.ai' ([Errno 8] nodename nor servname provided, or not known)""))"
minimax/minimax-m2.7,3,2,,,2026-03-30T21:44:56.837541+00:00,1.0,error,"HTTPSConnectionPool(host='openrouter.ai', port=443): Max retries exceeded with url: /api/v1/chat/completions (Caused by NameResolutionError(""HTTPSConnection(host='openrouter.ai', port=443): Failed to resolve 'openrouter.ai' ([Errno 8] nodename nor servname provided, or not known)""))"
minimax/minimax-m2.7,3,3,,,2026-03-30T21:44:57.350447+00:00,1.0,error,"HTTPSConnectionPool(host='openrouter.ai', port=443): Max retries exceeded with url: /api/v1/chat/completions (Caused by NameResolutionError(""HTTPSConnection(host='openrouter.ai', port=443): Failed to resolve 'openrouter.ai' ([Errno 8] nodename nor servname provided, or not known)""))"
minimax/minimax-m2.7,3,4,,,2026-03-30T21:44:57.864811+00:00,1.0,error,"HTTPSConnectionPool(host='openrouter.ai', port=443): Max retries exceeded with url: /api/v1/chat/completions (Caused by NameResolutionError(""HTTPSConnection(host='openrouter.ai', port=443): Failed to resolve 'openrouter.ai' ([Errno 8] nodename nor servname provided, or not known)""))"
minimax/minimax-m2.7,3,5,,,2026-03-30T21:44:58.379700+00:00,1.0,error,"HTTPSConnectionPool(host='openrouter.ai', port=443): Max retries exceeded with url: /api/v1/chat/completions (Caused by NameResolutionError(""HTTPSConnection(host='openrouter.ai', port=443): Failed to resolve 'openrouter.ai' ([Errno 8] nodename nor servname provided, or not known)""))"
minimax/minimax-m2.7,3,6,,,2026-03-30T21:44:58.894758+00:00,1.0,error,"HTTPSConnectionPool(host='openrouter.ai', port=443): Max retries exceeded with url: /api/v1/chat/completions (Caused by NameResolutionError(""HTTPSConnection(host='openrouter.ai', port=443): Failed to resolve 'openrouter.ai' ([Errno 8] nodename nor servname provided, or not known)""))"
minimax/minimax-m2.7,3,7,,,2026-03-30T21:44:59.409265+00:00,1.0,error,"HTTPSConnectionPool(host='openrouter.ai', port=443): Max retries exceeded with url: /api/v1/chat/completions (Caused by NameResolutionError(""HTTPSConnection(host='openrouter.ai', port=443): Failed to resolve 'openrouter.ai' ([Errno 8] nodename nor servname provided, or not known)""))"
minimax/minimax-m2.7,3,8,,,2026-03-30T21:44:59.926868+00:00,1.0,error,"HTTPSConnectionPool(host='openrouter.ai', port=443): Max retries exceeded with url: /api/v1/chat/completions (Caused by NameResolutionError(""HTTPSConnection(host='openrouter.ai', port=443): Failed to resolve 'openrouter.ai' ([Errno 8] nodename nor servname provided, or not known)""))"
minimax/minimax-m2.7,3,9,,,2026-03-30T21:45:00.441400+00:00,1.0,error,"HTTPSConnectionPool(host='openrouter.ai', port=443): Max retries exceeded with url: /api/v1/chat/completions (Caused by NameResolutionError(""HTTPSConnection(host='openrouter.ai', port=443): Failed to resolve 'openrouter.ai' ([Errno 8] nodename nor servname provided, or not known)""))"
minimax/minimax-m2.7,3,10,,,2026-03-30T21:45:00.955741+00:00,1.0,error,"HTTPSConnectionPool(host='openrouter.ai', port=443): Max retries exceeded with url: /api/v1/chat/completions (Caused by NameResolutionError(""HTTPSConnection(host='openrouter.ai', port=443): Failed to resolve 'openrouter.ai' ([Errno 8] nodename nor servname provided, or not known)""))"
minimax/minimax-m2.7,4,1,,,2026-03-30T21:51:39.591630+00:00,1.0,error,"HTTPSConnectionPool(host='openrouter.ai', port=443): Max retries exceeded with url: /api/v1/chat/completions (Caused by NameResolutionError(""HTTPSConnection(host='openrouter.ai', port=443): Failed to resolve 'openrouter.ai' ([Errno 8] nodename nor servname provided, or not known)""))"
minimax/minimax-m2.7,4,2,,,2026-03-30T21:51:40.225925+00:00,1.0,error,"HTTPSConnectionPool(host='openrouter.ai', port=443): Max retries exceeded with url: /api/v1/chat/completions (Caused by NameResolutionError(""HTTPSConnection(host='openrouter.ai', port=443): Failed to resolve 'openrouter.ai' ([Errno 8] nodename nor servname provided, or not known)""))"
minimax/minimax-m2.7,4,3,,,2026-03-30T21:51:40.735374+00:00,1.0,error,"HTTPSConnectionPool(host='openrouter.ai', port=443): Max retries exceeded with url: /api/v1/chat/completions (Caused by NameResolutionError(""HTTPSConnection(host='openrouter.ai', port=443): Failed to resolve 'openrouter.ai' ([Errno 8] nodename nor servname provided, or not known)""))"
minimax/minimax-m2.7,4,4,,,2026-03-30T21:51:41.245817+00:00,1.0,error,"HTTPSConnectionPool(host='openrouter.ai', port=443): Max retries exceeded with url: /api/v1/chat/completions (Caused by NameResolutionError(""HTTPSConnection(host='openrouter.ai', port=443): Failed to resolve 'openrouter.ai' ([Errno 8] nodename nor servname provided, or not known)""))"
minimax/minimax-m2.7,4,5,,,2026-03-30T21:51:41.761570+00:00,1.0,error,"HTTPSConnectionPool(host='openrouter.ai', port=443): Max retries exceeded with url: /api/v1/chat/completions (Caused by NameResolutionError(""HTTPSConnection(host='openrouter.ai', port=443): Failed to resolve 'openrouter.ai' ([Errno 8] nodename nor servname provided, or not known)""))"
minimax/minimax-m2.7,4,6,,,2026-03-30T21:51:42.279058+00:00,1.0,error,"HTTPSConnectionPool(host='openrouter.ai', port=443): Max retries exceeded with url: /api/v1/chat/completions (Caused by NameResolutionError(""HTTPSConnection(host='openrouter.ai', port=443): Failed to resolve 'openrouter.ai' ([Errno 8] nodename nor servname provided, or not known)""))"
minimax/minimax-m2.7,4,7,,,2026-03-30T21:51:42.794988+00:00,1.0,error,"HTTPSConnectionPool(host='openrouter.ai', port=443): Max retries exceeded with url: /api/v1/chat/completions (Caused by NameResolutionError(""HTTPSConnection(host='openrouter.ai', port=443): Failed to resolve 'openrouter.ai' ([Errno 8] nodename nor servname provided, or not known)""))"
minimax/minimax-m2.7,4,8,,,2026-03-30T21:51:43.311392+00:00,1.0,error,"HTTPSConnectionPool(host='openrouter.ai', port=443): Max retries exceeded with url: /api/v1/chat/completions (Caused by NameResolutionError(""HTTPSConnection(host='openrouter.ai', port=443): Failed to resolve 'openrouter.ai' ([Errno 8] nodename nor servname provided, or not known)""))"
minimax/minimax-m2.7,4,9,,,2026-03-30T21:51:43.817904+00:00,1.0,error,"HTTPSConnectionPool(host='openrouter.ai', port=443): Max retries exceeded with url: /api/v1/chat/completions (Caused by NameResolutionError(""HTTPSConnection(host='openrouter.ai', port=443): Failed to resolve 'openrouter.ai' ([Errno 8] nodename nor servname provided, or not known)""))"
minimax/minimax-m2.7,4,10,,,2026-03-30T21:51:44.334783+00:00,1.0,error,"HTTPSConnectionPool(host='openrouter.ai', port=443): Max retries exceeded with url: /api/v1/chat/completions (Caused by NameResolutionError(""HTTPSConnection(host='openrouter.ai', port=443): Failed to resolve 'openrouter.ai' ([Errno 8] nodename nor servname provided, or not known)""))"
minimax/minimax-m2.7,5,1,,,2026-03-30T21:51:44.842432+00:00,1.0,error,"HTTPSConnectionPool(host='openrouter.ai', port=443): Max retries exceeded with url: /api/v1/chat/completions (Caused by NameResolutionError(""HTTPSConnection(host='openrouter.ai', port=443): Failed to resolve 'openrouter.ai' ([Errno 8] nodename nor servname provided, or not known)""))"
minimax/minimax-m2.7,5,2,,,2026-03-30T21:51:45.358273+00:00,1.0,error,"HTTPSConnectionPool(host='openrouter.ai', port=443): Max retries exceeded with url: /api/v1/chat/completions (Caused by NameResolutionError(""HTTPSConnection(host='openrouter.ai', port=443): Failed to resolve 'openrouter.ai' ([Errno 8] nodename nor servname provided, or not known)""))"
minimax/minimax-m2.7,5,3,,,2026-03-30T21:51:45.871398+00:00,1.0,error,"HTTPSConnectionPool(host='openrouter.ai', port=443): Max retries exceeded with url: /api/v1/chat/completions (Caused by NameResolutionError(""HTTPSConnection(host='openrouter.ai', port=443): Failed to resolve 'openrouter.ai' ([Errno 8] nodename nor servname provided, or not known)""))"
minimax/minimax-m2.7,5,4,,,2026-03-30T21:51:46.381367+00:00,1.0,error,"HTTPSConnectionPool(host='openrouter.ai', port=443): Max retries exceeded with url: /api/v1/chat/completions (Caused by NameResolutionError(""HTTPSConnection(host='openrouter.ai', port=443): Failed to resolve 'openrouter.ai' ([Errno 8] nodename nor servname provided, or not known)""))"
minimax/minimax-m2.7,5,5,,,2026-03-30T21:51:46.896007+00:00,1.0,error,"HTTPSConnectionPool(host='openrouter.ai', port=443): Max retries exceeded with url: /api/v1/chat/completions (Caused by NameResolutionError(""HTTPSConnection(host='openrouter.ai', port=443): Failed to resolve 'openrouter.ai' ([Errno 8] nodename nor servname provided, or not known)""))"
minimax/minimax-m2.7,5,6,,,2026-03-30T21:51:47.405098+00:00,1.0,error,"HTTPSConnectionPool(host='openrouter.ai', port=443): Max retries exceeded with url: /api/v1/chat/completions (Caused by NameResolutionError(""HTTPSConnection(host='openrouter.ai', port=443): Failed to resolve 'openrouter.ai' ([Errno 8] nodename nor servname provided, or not known)""))"
minimax/minimax-m2.7,5,7,,,2026-03-30T21:51:47.921917+00:00,1.0,error,"HTTPSConnectionPool(host='openrouter.ai', port=443): Max retries exceeded with url: /api/v1/chat/completions (Caused by NameResolutionError(""HTTPSConnection(host='openrouter.ai', port=443): Failed to resolve 'openrouter.ai' ([Errno 8] nodename nor servname provided, or not known)""))"
minimax/minimax-m2.7,5,8,,,2026-03-30T21:51:48.430511+00:00,1.0,error,"HTTPSConnectionPool(host='openrouter.ai', port=443): Max retries exceeded with url: /api/v1/chat/completions (Caused by NameResolutionError(""HTTPSConnection(host='openrouter.ai', port=443): Failed to resolve 'openrouter.ai' ([Errno 8] nodename nor servname provided, or not known)""))"
minimax/minimax-m2.7,5,9,,,2026-03-30T21:51:48.943276+00:00,1.0,error,"HTTPSConnectionPool(host='openrouter.ai', port=443): Max retries exceeded with url: /api/v1/chat/completions (Caused by NameResolutionError(""HTTPSConnection(host='openrouter.ai', port=443): Failed to resolve 'openrouter.ai' ([Errno 8] nodename nor servname provided, or not known)""))"
minimax/minimax-m2.7,5,10,,,2026-03-30T21:51:49.457584+00:00,1.0,error,"HTTPSConnectionPool(host='openrouter.ai', port=443): Max retries exceeded with url: /api/v1/chat/completions (Caused by NameResolutionError(""HTTPSConnection(host='openrouter.ai', port=443): Failed to resolve 'openrouter.ai' ([Errno 8] nodename nor servname provided, or not known)""))"
minimax/minimax-m2.7,6,1,,,2026-03-30T21:51:49.964997+00:00,1.0,error,"HTTPSConnectionPool(host='openrouter.ai', port=443): Max retries exceeded with url: /api/v1/chat/completions (Caused by NameResolutionError(""HTTPSConnection(host='openrouter.ai', port=443): Failed to resolve 'openrouter.ai' ([Errno 8] nodename nor servname provided, or not known)""))"
minimax/minimax-m2.7,6,2,,,2026-03-30T21:51:50.474667+00:00,1.0,error,"HTTPSConnectionPool(host='openrouter.ai', port=443): Max retries exceeded with url: /api/v1/chat/completions (Caused by NameResolutionError(""HTTPSConnection(host='openrouter.ai', port=443): Failed to resolve 'openrouter.ai' ([Errno 8] nodename nor servname provided, or not known)""))"
minimax/minimax-m2.7,6,3,,,2026-03-30T21:51:50.982162+00:00,1.0,error,"HTTPSConnectionPool(host='openrouter.ai', port=443): Max retries exceeded with url: /api/v1/chat/completions (Caused by NameResolutionError(""HTTPSConnection(host='openrouter.ai', port=443): Failed to resolve 'openrouter.ai' ([Errno 8] nodename nor servname provided, or not known)""))"
minimax/minimax-m2.7,6,4,,,2026-03-30T21:51:51.497147+00:00,1.0,error,"HTTPSConnectionPool(host='openrouter.ai', port=443): Max retries exceeded with url: /api/v1/chat/completions (Caused by NameResolutionError(""HTTPSConnection(host='openrouter.ai', port=443): Failed to resolve 'openrouter.ai' ([Errno 8] nodename nor servname provided, or not known)""))"
minimax/minimax-m2.7,6,5,,,2026-03-30T21:51:52.006640+00:00,1.0,error,"HTTPSConnectionPool(host='openrouter.ai', port=443): Max retries exceeded with url: /api/v1/chat/completions (Caused by NameResolutionError(""HTTPSConnection(host='openrouter.ai', port=443): Failed to resolve 'openrouter.ai' ([Errno 8] nodename nor servname provided, or not known)""))"
minimax/minimax-m2.7,6,6,,,2026-03-30T21:51:52.523010+00:00,1.0,error,"HTTPSConnectionPool(host='openrouter.ai', port=443): Max retries exceeded with url: /api/v1/chat/completions (Caused by NameResolutionError(""HTTPSConnection(host='openrouter.ai', port=443): Failed to resolve 'openrouter.ai' ([Errno 8] nodename nor servname provided, or not known)""))"
minimax/minimax-m2.7,6,7,,,2026-03-30T21:51:53.034523+00:00,1.0,error,"HTTPSConnectionPool(host='openrouter.ai', port=443): Max retries exceeded with url: /api/v1/chat/completions (Caused by NameResolutionError(""HTTPSConnection(host='openrouter.ai', port=443): Failed to resolve 'openrouter.ai' ([Errno 8] nodename nor servname provided, or not known)""))"
minimax/minimax-m2.7,6,8,,,2026-03-30T21:51:53.549814+00:00,1.0,error,"HTTPSConnectionPool(host='openrouter.ai', port=443): Max retries exceeded with url: /api/v1/chat/completions (Caused by NameResolutionError(""HTTPSConnection(host='openrouter.ai', port=443): Failed to resolve 'openrouter.ai' ([Errno 8] nodename nor servname provided, or not known)""))"
minimax/minimax-m2.7,6,9,,,2026-03-30T21:51:54.060309+00:00,1.0,error,"HTTPSConnectionPool(host='openrouter.ai', port=443): Max retries exceeded with url: /api/v1/chat/completions (Caused by NameResolutionError(""HTTPSConnection(host='openrouter.ai', port=443): Failed to resolve 'openrouter.ai' ([Errno 8] nodename nor servname provided, or not known)""))"
minimax/minimax-m2.7,6,10,,,2026-03-30T21:51:54.571924+00:00,1.0,error,"HTTPSConnectionPool(host='openrouter.ai', port=443): Max retries exceeded with url: /api/v1/chat/completions (Caused by NameResolutionError(""HTTPSConnection(host='openrouter.ai', port=443): Failed to resolve 'openrouter.ai' ([Errno 8] nodename nor servname provided, or not known)""))"
minimax/minimax-m2.7,7,1,,,2026-03-30T21:51:55.079605+00:00,1.0,error,"HTTPSConnectionPool(host='openrouter.ai', port=443): Max retries exceeded with url: /api/v1/chat/completions (Caused by NameResolutionError(""HTTPSConnection(host='openrouter.ai', port=443): Failed to resolve 'openrouter.ai' ([Errno 8] nodename nor servname provided, or not known)""))"
minimax/minimax-m2.7,7,2,,,2026-03-30T21:51:55.594853+00:00,1.0,error,"HTTPSConnectionPool(host='openrouter.ai', port=443): Max retries exceeded with url: /api/v1/chat/completions (Caused by NameResolutionError(""HTTPSConnection(host='openrouter.ai', port=443): Failed to resolve 'openrouter.ai' ([Errno 8] nodename nor servname provided, or not known)""))"
minimax/minimax-m2.7,7,3,,,2026-03-30T21:51:56.107458+00:00,1.0,error,"HTTPSConnectionPool(host='openrouter.ai', port=443): Max retries exceeded with url: /api/v1/chat/completions (Caused by NameResolutionError(""HTTPSConnection(host='openrouter.ai', port=443): Failed to resolve 'openrouter.ai' ([Errno 8] nodename nor servname provided, or not known)""))"
minimax/minimax-m2.7,7,4,,,2026-03-30T21:51:56.623590+00:00,1.0,error,"HTTPSConnectionPool(host='openrouter.ai', port=443): Max retries exceeded with url: /api/v1/chat/completions (Caused by NameResolutionError(""HTTPSConnection(host='openrouter.ai', port=443): Failed to resolve 'openrouter.ai' ([Errno 8] nodename nor servname provided, or not known)""))"
minimax/minimax-m2.7,7,5,,,2026-03-30T21:51:57.134975+00:00,1.0,error,"HTTPSConnectionPool(host='openrouter.ai', port=443): Max retries exceeded with url: /api/v1/chat/completions (Caused by NameResolutionError(""HTTPSConnection(host='openrouter.ai', port=443): Failed to resolve 'openrouter.ai' ([Errno 8] nodename nor servname provided, or not known)""))"
minimax/minimax-m2.7,7,6,,,2026-03-30T21:51:57.648581+00:00,1.0,error,"HTTPSConnectionPool(host='openrouter.ai', port=443): Max retries exceeded with url: /api/v1/chat/completions (Caused by NameResolutionError(""HTTPSConnection(host='openrouter.ai', port=443): Failed to resolve 'openrouter.ai' ([Errno 8] nodename nor servname provided, or not known)""))"
minimax/minimax-m2.7,7,7,,,2026-03-30T21:51:58.165169+00:00,1.0,error,"HTTPSConnectionPool(host='openrouter.ai', port=443): Max retries exceeded with url: /api/v1/chat/completions (Caused by NameResolutionError(""HTTPSConnection(host='openrouter.ai', port=443): Failed to resolve 'openrouter.ai' ([Errno 8] nodename nor servname provided, or not known)""))"
minimax/minimax-m2.7,7,8,,,2026-03-30T21:51:58.676566+00:00,1.0,error,"HTTPSConnectionPool(host='openrouter.ai', port=443): Max retries exceeded with url: /api/v1/chat/completions (Caused by NameResolutionError(""HTTPSConnection(host='openrouter.ai', port=443): Failed to resolve 'openrouter.ai' ([Errno 8] nodename nor servname provided, or not known)""))"
minimax/minimax-m2.7,7,9,,,2026-03-30T21:51:59.185182+00:00,1.0,error,"HTTPSConnectionPool(host='openrouter.ai', port=443): Max retries exceeded with url: /api/v1/chat/completions (Caused by NameResolutionError(""HTTPSConnection(host='openrouter.ai', port=443): Failed to resolve 'openrouter.ai' ([Errno 8] nodename nor servname provided, or not known)""))"
minimax/minimax-m2.7,7,10,,,2026-03-30T21:51:59.698858+00:00,1.0,error,"HTTPSConnectionPool(host='openrouter.ai', port=443): Max retries exceeded with url: /api/v1/chat/completions (Caused by NameResolutionError(""HTTPSConnection(host='openrouter.ai', port=443): Failed to resolve 'openrouter.ai' ([Errno 8] nodename nor servname provided, or not known)""))"
minimax/minimax-m2.7,8,1,,,2026-03-30T21:52:00.209214+00:00,1.0,error,"HTTPSConnectionPool(host='openrouter.ai', port=443): Max retries exceeded with url: /api/v1/chat/completions (Caused by NameResolutionError(""HTTPSConnection(host='openrouter.ai', port=443): Failed to resolve 'openrouter.ai' ([Errno 8] nodename nor servname provided, or not known)""))"
minimax/minimax-m2.7,8,2,,,2026-03-30T21:52:00.725009+00:00,1.0,error,"HTTPSConnectionPool(host='openrouter.ai', port=443): Max retries exceeded with url: /api/v1/chat/completions (Caused by NameResolutionError(""HTTPSConnection(host='openrouter.ai', port=443): Failed to resolve 'openrouter.ai' ([Errno 8] nodename nor servname provided, or not known)""))"
minimax/minimax-m2.7,8,3,,,2026-03-30T21:52:01.234644+00:00,1.0,error,"HTTPSConnectionPool(host='openrouter.ai', port=443): Max retries exceeded with url: /api/v1/chat/completions (Caused by NameResolutionError(""HTTPSConnection(host='openrouter.ai', port=443): Failed to resolve 'openrouter.ai' ([Errno 8] nodename nor servname provided, or not known)""))"
minimax/minimax-m2.7,8,4,,,2026-03-30T21:52:01.748894+00:00,1.0,error,"HTTPSConnectionPool(host='openrouter.ai', port=443): Max retries exceeded with url: /api/v1/chat/completions (Caused by NameResolutionError(""HTTPSConnection(host='openrouter.ai', port=443): Failed to resolve 'openrouter.ai' ([Errno 8] nodename nor servname provided, or not known)""))"
minimax/minimax-m2.7,8,5,,,2026-03-30T21:52:02.263088+00:00,1.0,error,"HTTPSConnectionPool(host='openrouter.ai', port=443): Max retries exceeded with url: /api/v1/chat/completions (Caused by NameResolutionError(""HTTPSConnection(host='openrouter.ai', port=443): Failed to resolve 'openrouter.ai' ([Errno 8] nodename nor servname provided, or not known)""))"
minimax/minimax-m2.7,8,6,,,2026-03-30T21:52:02.778575+00:00,1.0,error,"HTTPSConnectionPool(host='openrouter.ai', port=443): Max retries exceeded with url: /api/v1/chat/completions (Caused by NameResolutionError(""HTTPSConnection(host='openrouter.ai', port=443): Failed to resolve 'openrouter.ai' ([Errno 8] nodename nor servname provided, or not known)""))"
minimax/minimax-m2.7,8,7,,,2026-03-30T21:52:03.292869+00:00,1.0,error,"HTTPSConnectionPool(host='openrouter.ai', port=443): Max retries exceeded with url: /api/v1/chat/completions (Caused by NameResolutionError(""HTTPSConnection(host='openrouter.ai', port=443): Failed to resolve 'openrouter.ai' ([Errno 8] nodename nor servname provided, or not known)""))"
minimax/minimax-m2.7,8,8,,,2026-03-30T21:52:03.803848+00:00,1.0,error,"HTTPSConnectionPool(host='openrouter.ai', port=443): Max retries exceeded with url: /api/v1/chat/completions (Caused by NameResolutionError(""HTTPSConnection(host='openrouter.ai', port=443): Failed to resolve 'openrouter.ai' ([Errno 8] nodename nor servname provided, or not known)""))"
minimax/minimax-m2.7,8,9,,,2026-03-30T21:52:04.316719+00:00,1.0,error,"HTTPSConnectionPool(host='openrouter.ai', port=443): Max retries exceeded with url: /api/v1/chat/completions (Caused by NameResolutionError(""HTTPSConnection(host='openrouter.ai', port=443): Failed to resolve 'openrouter.ai' ([Errno 8] nodename nor servname provided, or not known)""))"
minimax/minimax-m2.7,8,10,,,2026-03-30T21:52:04.826686+00:00,1.0,error,"HTTPSConnectionPool(host='openrouter.ai', port=443): Max retries exceeded with url: /api/v1/chat/completions (Caused by NameResolutionError(""HTTPSConnection(host='openrouter.ai', port=443): Failed to resolve 'openrouter.ai' ([Errno 8] nodename nor servname provided, or not known)""))"
minimax/minimax-m2.7,9,1,,,2026-03-30T21:52:05.340069+00:00,1.0,error,"HTTPSConnectionPool(host='openrouter.ai', port=443): Max retries exceeded with url: /api/v1/chat/completions (Caused by NameResolutionError(""HTTPSConnection(host='openrouter.ai', port=443): Failed to resolve 'openrouter.ai' ([Errno 8] nodename nor servname provided, or not known)""))"
minimax/minimax-m2.7,9,2,,,2026-03-30T21:52:05.853648+00:00,1.0,error,"HTTPSConnectionPool(host='openrouter.ai', port=443): Max retries exceeded with url: /api/v1/chat/completions (Caused by NameResolutionError(""HTTPSConnection(host='openrouter.ai', port=443): Failed to resolve 'openrouter.ai' ([Errno 8] nodename nor servname provided, or not known)""))"
minimax/minimax-m2.7,9,3,,,2026-03-30T21:52:06.363111+00:00,1.0,error,"HTTPSConnectionPool(host='openrouter.ai', port=443): Max retries exceeded with url: /api/v1/chat/completions (Caused by NameResolutionError(""HTTPSConnection(host='openrouter.ai', port=443): Failed to resolve 'openrouter.ai' ([Errno 8] nodename nor servname provided, or not known)""))"
minimax/minimax-m2.7,9,4,,,2026-03-30T21:52:06.877439+00:00,1.0,error,"HTTPSConnectionPool(host='openrouter.ai', port=443): Max retries exceeded with url: /api/v1/chat/completions (Caused by NameResolutionError(""HTTPSConnection(host='openrouter.ai', port=443): Failed to resolve 'openrouter.ai' ([Errno 8] nodename nor servname provided, or not known)""))"
minimax/minimax-m2.7,9,5,,,2026-03-30T21:52:07.389672+00:00,1.0,error,"HTTPSConnectionPool(host='openrouter.ai', port=443): Max retries exceeded with url: /api/v1/chat/completions (Caused by NameResolutionError(""HTTPSConnection(host='openrouter.ai', port=443): Failed to resolve 'openrouter.ai' ([Errno 8] nodename nor servname provided, or not known)""))"
minimax/minimax-m2.7,9,6,,,2026-03-30T21:52:07.903979+00:00,1.0,error,"HTTPSConnectionPool(host='openrouter.ai', port=443): Max retries exceeded with url: /api/v1/chat/completions (Caused by NameResolutionError(""HTTPSConnection(host='openrouter.ai', port=443): Failed to resolve 'openrouter.ai' ([Errno 8] nodename nor servname provided, or not known)""))"
minimax/minimax-m2.7,9,7,,,2026-03-30T21:52:08.418954+00:00,1.0,error,"HTTPSConnectionPool(host='openrouter.ai', port=443): Max retries exceeded with url: /api/v1/chat/completions (Caused by NameResolutionError(""HTTPSConnection(host='openrouter.ai', port=443): Failed to resolve 'openrouter.ai' ([Errno 8] nodename nor servname provided, or not known)""))"
minimax/minimax-m2.7,9,8,,,2026-03-30T21:52:08.931341+00:00,1.0,error,"HTTPSConnectionPool(host='openrouter.ai', port=443): Max retries exceeded with url: /api/v1/chat/completions (Caused by NameResolutionError(""HTTPSConnection(host='openrouter.ai', port=443): Failed to resolve 'openrouter.ai' ([Errno 8] nodename nor servname provided, or not known)""))"
minimax/minimax-m2.7,9,9,,,2026-03-30T21:52:09.446534+00:00,1.0,error,"HTTPSConnectionPool(host='openrouter.ai', port=443): Max retries exceeded with url: /api/v1/chat/completions (Caused by NameResolutionError(""HTTPSConnection(host='openrouter.ai', port=443): Failed to resolve 'openrouter.ai' ([Errno 8] nodename nor servname provided, or not known)""))"
minimax/minimax-m2.7,9,10,,,2026-03-30T21:52:09.956161+00:00,1.0,error,"HTTPSConnectionPool(host='openrouter.ai', port=443): Max retries exceeded with url: /api/v1/chat/completions (Caused by NameResolutionError(""HTTPSConnection(host='openrouter.ai', port=443): Failed to resolve 'openrouter.ai' ([Errno 8] nodename nor servname provided, or not known)""))"
minimax/minimax-m2.7,10,1,,,2026-03-30T21:52:10.462062+00:00,1.0,error,"HTTPSConnectionPool(host='openrouter.ai', port=443): Max retries exceeded with url: /api/v1/chat/completions (Caused by NameResolutionError(""HTTPSConnection(host='openrouter.ai', port=443): Failed to resolve 'openrouter.ai' ([Errno 8] nodename nor servname provided, or not known)""))"
minimax/minimax-m2.7,10,2,,,2026-03-30T21:52:10.970022+00:00,1.0,error,"HTTPSConnectionPool(host='openrouter.ai', port=443): Max retries exceeded with url: /api/v1/chat/completions (Caused by NameResolutionError(""HTTPSConnection(host='openrouter.ai', port=443): Failed to resolve 'openrouter.ai' ([Errno 8] nodename nor servname provided, or not known)""))"
minimax/minimax-m2.7,10,3,,,2026-03-30T21:52:11.492148+00:00,1.0,error,"HTTPSConnectionPool(host='openrouter.ai', port=443): Max retries exceeded with url: /api/v1/chat/completions (Caused by NameResolutionError(""HTTPSConnection(host='openrouter.ai', port=443): Failed to resolve 'openrouter.ai' ([Errno 8] nodename nor servname provided, or not known)""))"
minimax/minimax-m2.7,10,4,,,2026-03-30T21:52:12.000618+00:00,1.0,error,"HTTPSConnectionPool(host='openrouter.ai', port=443): Max retries exceeded with url: /api/v1/chat/completions (Caused by NameResolutionError(""HTTPSConnection(host='openrouter.ai', port=443): Failed to resolve 'openrouter.ai' ([Errno 8] nodename nor servname provided, or not known)""))"
minimax/minimax-m2.7,10,5,1,1,2026-03-30T21:52:17.267440+00:00,1.0,success,
minimax/minimax-m2.7,10,6,1,1,2026-03-30T21:52:25.899016+00:00,1.0,success,
minimax/minimax-m2.7,10,7,1,1,2026-03-30T21:52:32.756563+00:00,1.0,success,
minimax/minimax-m2.7,10,8,1,1,2026-03-30T21:57:36.685245+00:00,1.0,success,
minimax/minimax-m2.7,10,9,2,2,2026-03-30T21:57:43.230014+00:00,1.0,success,
minimax/minimax-m2.7,10,10,1,1,2026-03-30T21:57:50.508691+00:00,1.0,success,
minimax/minimax-m2.7,11,1,4,4,2026-03-30T21:57:56.724937+00:00,1.0,success,
minimax/minimax-m2.7,11,2,4,4,2026-03-30T21:58:06.486277+00:00,1.0,success,
minimax/minimax-m2.7,11,3,4,4,2026-03-30T21:58:11.474232+00:00,1.0,success,
minimax/minimax-m2.7,11,4,5,5,2026-03-30T21:58:17.536602+00:00,1.0,success,
minimax/minimax-m2.7,11,5,2,2,2026-03-30T21:58:23.236138+00:00,1.0,success,
minimax/minimax-m2.7,11,6,4,4,2026-03-30T21:58:26.761370+00:00,1.0,success,
minimax/minimax-m2.7,11,7,4,4,2026-03-30T21:58:34.138033+00:00,1.0,success,
minimax/minimax-m2.7,11,8,4,4,2026-03-30T21:58:43.437758+00:00,1.0,success,
minimax/minimax-m2.7,11,9,5,5,2026-03-30T21:58:54.100992+00:00,1.0,success,
minimax/minimax-m2.7,11,10,3,3,2026-03-30T21:59:00.962634+00:00,1.0,success,
minimax/minimax-m2.7,12,1,1,1,2026-03-30T21:59:05.568565+00:00,1.0,success,
minimax/minimax-m2.7,12,2,1,1,2026-03-30T21:59:08.836652+00:00,1.0,success,
minimax/minimax-m2.7,12,3,1,1,2026-03-30T21:59:12.847300+00:00,1.0,success,
minimax/minimax-m2.7,12,4,1,1,2026-03-30T21:59:16.428154+00:00,1.0,success,
minimax/minimax-m2.7,12,5,1,1,2026-03-30T21:59:20.007547+00:00,1.0,success,
minimax/minimax-m2.7,12,6,1,1,2026-03-30T21:59:23.492230+00:00,1.0,success,
minimax/minimax-m2.7,12,7,1,1,2026-03-30T21:59:27.484633+00:00,1.0,success,
minimax/minimax-m2.7,12,8,1,1,2026-03-30T21:59:32.195866+00:00,1.0,success,
minimax/minimax-m2.7,12,9,1,1,2026-03-30T21:59:36.773906+00:00,1.0,success,
minimax/minimax-m2.7,12,10,1,1,2026-03-30T21:59:41.287880+00:00,1.0,success,
minimax/minimax-m2.7,13,1,4,4,2026-03-30T21:59:48.464733+00:00,1.0,success,
minimax/minimax-m2.7,13,2,4,4,2026-03-30T21:59:55.895077+00:00,1.0,success,
minimax/minimax-m2.7,13,3,4,4,2026-03-30T22:00:02.198943+00:00,1.0,success,
minimax/minimax-m2.7,13,4,4,4,2026-03-30T22:00:10.391080+00:00,1.0,success,
minimax/minimax-m2.7,13,5,4,4,2026-03-30T22:00:16.938484+00:00,1.0,success,
minimax/minimax-m2.7,13,6,4,4,2026-03-30T22:00:25.136528+00:00,1.0,success,
minimax/minimax-m2.7,13,7,4,4,2026-03-30T22:00:34.187249+00:00,1.0,success,
minimax/minimax-m2.7,13,8,4,4,2026-03-30T22:00:42.442668+00:00,1.0,success,
minimax/minimax-m2.7,13,9,4,4,2026-03-30T22:00:47.971857+00:00,1.0,success,
minimax/minimax-m2.7,1,1,1,1,2026-03-31T00:54:54.378139+00:00,1.0,success,
minimax/minimax-m2.7,1,2,1,1,2026-03-31T00:55:04.109289+00:00,1.0,success,
minimax/minimax-m2.7,1,3,1,1,2026-03-31T00:55:09.784877+00:00,1.0,success,
minimax/minimax-m2.7,1,4,1,1,2026-03-31T00:55:18.576927+00:00,1.0,success,
minimax/minimax-m2.7,1,5,2,2,2026-03-31T00:55:25.404166+00:00,1.0,success,
minimax/minimax-m2.7,1,6,1,1,2026-03-31T00:55:33.788809+00:00,1.0,success,
minimax/minimax-m2.7,1,7,3,3,2026-03-31T00:55:47.172921+00:00,1.0,success,
minimax/minimax-m2.7,1,8,1,1,2026-03-31T00:55:55.089703+00:00,1.0,success,
minimax/minimax-m2.7,1,9,1,1,2026-03-31T00:56:03.848343+00:00,1.0,success,
minimax/minimax-m2.7,1,10,2,2,2026-03-31T00:56:12.260306+00:00,1.0,success,
minimax/minimax-m2.7,2,1,1,1,2026-03-31T00:56:19.678458+00:00,1.0,success,
minimax/minimax-m2.7,2,2,1,1,2026-03-31T00:56:26.357741+00:00,1.0,success,
minimax/minimax-m2.7,2,3,4,4,2026-03-31T00:56:36.321773+00:00,1.0,success,
minimax/minimax-m2.7,2,4,1,1,2026-03-31T00:56:42.307848+00:00,1.0,success,
minimax/minimax-m2.7,2,5,2,2,2026-03-31T00:56:53.968242+00:00,1.0,success,
minimax/minimax-m2.7,2,6,1,1,2026-03-31T00:56:58.953650+00:00,1.0,success,
minimax/minimax-m2.7,2,7,1,1,2026-03-31T00:57:14.668678+00:00,1.0,success,
minimax/minimax-m2.7,2,8,1,1,2026-03-31T00:57:22.232777+00:00,1.0,success,
minimax/minimax-m2.7,2,9,5,5,2026-03-31T00:57:37.201232+00:00,1.0,success,
minimax/minimax-m2.7,2,10,4,4,2026-03-31T00:57:48.052268+00:00,1.0,success,
minimax/minimax-m2.7,3,1,3,3,2026-03-31T00:57:56.260030+00:00,1.0,success,
minimax/minimax-m2.7,3,2,3,3,2026-03-31T00:58:05.053930+00:00,1.0,success,
minimax/minimax-m2.7,3,3,2,2,2026-03-31T00:58:11.806320+00:00,1.0,success,
minimax/minimax-m2.7,3,4,2,2,2026-03-31T00:58:19.089446+00:00,1.0,success,
minimax/minimax-m2.7,3,5,3,3,2026-03-31T00:58:28.193165+00:00,1.0,success,
minimax/minimax-m2.7,3,6,3,3,2026-03-31T00:58:36.794650+00:00,1.0,success,
minimax/minimax-m2.7,3,7,1,1,2026-03-31T00:58:44.737987+00:00,1.0,success,
minimax/minimax-m2.7,3,8,2,2,2026-03-31T00:58:50.311210+00:00,1.0,success,
minimax/minimax-m2.7,3,9,1,1,2026-03-31T00:58:57.171680+00:00,1.0,success,
minimax/minimax-m2.7,3,10,4,4,2026-03-31T00:59:07.004260+00:00,1.0,success,
minimax/minimax-m2.7,4,1,1,1,2026-03-31T00:59:11.596095+00:00,1.0,success,
minimax/minimax-m2.7,4,2,1,1,2026-03-31T00:59:15.808190+00:00,1.0,success,
minimax/minimax-m2.7,4,3,1,1,2026-03-31T00:59:24.308139+00:00,1.0,success,
minimax/minimax-m2.7,4,4,1,1,2026-03-31T00:59:31.136736+00:00,1.0,success,
minimax/minimax-m2.7,4,5,1,1,2026-03-31T00:59:35.164227+00:00,1.0,success,
minimax/minimax-m2.7,4,6,1,1,2026-03-31T00:59:41.991512+00:00,1.0,success,
minimax/minimax-m2.7,4,7,1,1,2026-03-31T00:59:47.530412+00:00,1.0,success,
minimax/minimax-m2.7,4,8,1,1,2026-03-31T00:59:52.411688+00:00,1.0,success,
minimax/minimax-m2.7,4,9,1,1,2026-03-31T00:59:57.843215+00:00,1.0,success,
minimax/minimax-m2.7,4,10,1,1,2026-03-31T01:00:03.549938+00:00,1.0,success,
minimax/minimax-m2.7,5,1,4,4,2026-03-31T01:00:12.027303+00:00,1.0,success,
minimax/minimax-m2.7,5,2,4,4,2026-03-31T01:00:23.827431+00:00,1.0,success,
minimax/minimax-m2.7,5,3,5,5,2026-03-31T01:00:35.436105+00:00,1.0,success,
minimax/minimax-m2.7,5,4,5,5,2026-03-31T01:00:41.944996+00:00,1.0,success,
minimax/minimax-m2.7,5,5,5,5,2026-03-31T01:00:51.353483+00:00,1.0,success,
minimax/minimax-m2.7,5,6,5,5,2026-03-31T01:00:56.379843+00:00,1.0,success,
minimax/minimax-m2.7,5,7,5,5,2026-03-31T01:01:13.158313+00:00,1.0,success,
minimax/minimax-m2.7,5,8,5,5,2026-03-31T01:01:18.130306+00:00,1.0,success,
minimax/minimax-m2.7,5,9,5,5,2026-03-31T01:01:26.781131+00:00,1.0,success,
minimax/minimax-m2.7,5,10,5,5,2026-03-31T01:01:32.924323+00:00,1.0,success,
minimax/minimax-m2.7,6,1,3,3,2026-03-31T01:01:44.090367+00:00,1.0,success,
minimax/minimax-m2.7,6,2,1,1,2026-03-31T01:01:51.567789+00:00,1.0,success,
minimax/minimax-m2.7,6,3,4,4,2026-03-31T01:01:59.905262+00:00,1.0,success,
minimax/minimax-m2.7,6,4,1,1,2026-03-31T01:02:06.717741+00:00,1.0,success,
minimax/minimax-m2.7,6,5,3,3,2026-03-31T01:02:12.058565+00:00,1.0,success,
minimax/minimax-m2.7,6,6,5,5,2026-03-31T01:02:23.311045+00:00,1.0,success,
minimax/minimax-m2.7,6,7,1,1,2026-03-31T01:02:30.965975+00:00,1.0,success,
minimax/minimax-m2.7,6,8,2,2,2026-03-31T01:02:36.812787+00:00,1.0,success,
minimax/minimax-m2.7,6,9,4,4,2026-03-31T01:02:48.294946+00:00,1.0,success,
minimax/minimax-m2.7,6,10,2,2,2026-03-31T01:02:58.532987+00:00,1.0,success,
minimax/minimax-m2.7,7,1,4,4,2026-03-31T01:03:07.238868+00:00,1.0,success,
minimax/minimax-m2.7,7,2,2,2,2026-03-31T01:03:21.056304+00:00,1.0,success,
minimax/minimax-m2.7,7,3,4,4,2026-03-31T01:03:30.214020+00:00,1.0,success,
minimax/minimax-m2.7,7,4,5,5,2026-03-31T01:03:39.295199+00:00,1.0,success,
minimax/minimax-m2.7,7,5,1,1,2026-03-31T01:03:47.483491+00:00,1.0,success,
minimax/minimax-m2.7,7,6,1,1,2026-03-31T01:03:58.542242+00:00,1.0,success,
minimax/minimax-m2.7,7,7,2,2,2026-03-31T01:04:07.628101+00:00,1.0,success,
minimax/minimax-m2.7,7,8,5,5,2026-03-31T01:04:12.954528+00:00,1.0,success,
minimax/minimax-m2.7,7,9,2,2,2026-03-31T01:04:25.267713+00:00,1.0,success,
minimax/minimax-m2.7,7,10,1,1,2026-03-31T01:04:42.574133+00:00,1.0,success,
minimax/minimax-m2.7,8,1,3,3,2026-03-31T01:05:02.642844+00:00,1.0,success,
minimax/minimax-m2.7,8,2,1,1,2026-03-31T01:05:15.200452+00:00,1.0,success,
minimax/minimax-m2.7,8,3,1,1,2026-03-31T01:05:27.946455+00:00,1.0,success,
minimax/minimax-m2.7,8,4,3,3,2026-03-31T01:05:40.021823+00:00,1.0,success,
minimax/minimax-m2.7,8,5,3,3,2026-03-31T01:05:51.338607+00:00,1.0,success,
minimax/minimax-m2.7,8,6,3,3,2026-03-31T01:06:08.859295+00:00,1.0,success,
minimax/minimax-m2.7,8,7,1,1,2026-03-31T01:06:19.240303+00:00,1.0,success,
minimax/minimax-m2.7,8,8,1,1,2026-03-31T01:06:32.918871+00:00,1.0,success,
minimax/minimax-m2.7,8,9,1,1,2026-03-31T01:06:44.463983+00:00,1.0,success,
minimax/minimax-m2.7,8,10,3,3,2026-03-31T01:06:57.311447+00:00,1.0,success,
minimax/minimax-m2.7,9,1,3,3,2026-03-31T01:07:04.797680+00:00,1.0,success,
minimax/minimax-m2.7,9,2,4,4,2026-03-31T01:07:16.451555+00:00,1.0,success,
minimax/minimax-m2.7,9,3,3,3,2026-03-31T01:07:26.254636+00:00,1.0,success,
minimax/minimax-m2.7,9,4,3,3,2026-03-31T01:07:33.707062+00:00,1.0,success,
minimax/minimax-m2.7,9,5,4,4,2026-03-31T01:07:42.322340+00:00,1.0,success,
minimax/minimax-m2.7,9,6,5,5,2026-03-31T01:07:52.611300+00:00,1.0,success,
minimax/minimax-m2.7,9,7,4,4,2026-03-31T01:08:01.411141+00:00,1.0,success,
minimax/minimax-m2.7,9,8,4,4,2026-03-31T01:08:14.401445+00:00,1.0,success,
minimax/minimax-m2.7,9,9,3,3,2026-03-31T01:08:25.434786+00:00,1.0,success,
minimax/minimax-m2.7,9,10,4,4,2026-03-31T01:08:39.207851+00:00,1.0,success,
minimax/minimax-m2.7,10,1,1,1,2026-03-31T01:08:45.198259+00:00,1.0,success,
minimax/minimax-m2.7,10,2,1,1,2026-03-31T01:08:51.956940+00:00,1.0,success,
minimax/minimax-m2.7,10,3,1,1,2026-03-31T01:09:01.275707+00:00,1.0,success,
minimax/minimax-m2.7,10,4,1,1,2026-03-31T01:09:09.639570+00:00,1.0,success,
minimax/minimax-m2.7,13,10,4,4,2026-03-31T01:09:22.578125+00:00,1.0,success,
minimax/minimax-m2.7,14,1,1,1,2026-03-31T01:09:32.922467+00:00,1.0,success,
minimax/minimax-m2.7,14,2,1,1,2026-03-31T01:09:40.085748+00:00,1.0,success,
minimax/minimax-m2.7,14,3,2,2,2026-03-31T01:09:50.609197+00:00,1.0,success,
minimax/minimax-m2.7,14,4,1,1,2026-03-31T01:09:59.774959+00:00,1.0,success,
minimax/minimax-m2.7,14,5,1,1,2026-03-31T01:10:12.762871+00:00,1.0,success,
minimax/minimax-m2.7,14,6,1,1,2026-03-31T01:10:17.565315+00:00,1.0,success,
minimax/minimax-m2.7,14,7,1,1,2026-03-31T01:10:23.198214+00:00,1.0,success,
minimax/minimax-m2.7,14,8,1,1,2026-03-31T01:10:29.649152+00:00,1.0,success,
minimax/minimax-m2.7,14,9,1,1,2026-03-31T01:10:39.422775+00:00,1.0,success,
minimax/minimax-m2.7,14,10,1,1,2026-03-31T01:10:48.185568+00:00,1.0,success,
minimax/minimax-m2.7,15,1,4,4,2026-03-31T01:10:58.830278+00:00,1.0,success,
minimax/minimax-m2.7,15,2,4,4,2026-03-31T01:11:03.445193+00:00,1.0,success,
minimax/minimax-m2.7,15,3,4,4,2026-03-31T01:11:11.275156+00:00,1.0,success,
minimax/minimax-m2.7,15,4,4,4,2026-03-31T01:11:20.649703+00:00,1.0,success,
minimax/minimax-m2.7,15,5,4,4,2026-03-31T01:11:27.626357+00:00,1.0,success,
minimax/minimax-m2.7,15,6,4,4,2026-03-31T01:11:48.894367+00:00,1.0,success,
minimax/minimax-m2.7,15,7,5,5,2026-03-31T01:11:54.732590+00:00,1.0,success,
minimax/minimax-m2.7,15,8,1,1,2026-03-31T01:12:02.735791+00:00,1.0,success,
minimax/minimax-m2.7,15,9,4,4,2026-03-31T01:12:11.442198+00:00,1.0,success,
minimax/minimax-m2.7,15,10,4,4,2026-03-31T01:12:28.177013+00:00,1.0,success,
minimax/minimax-m2.7,16,1,2,2,2026-03-31T01:12:45.642310+00:00,1.0,success,
minimax/minimax-m2.7,16,2,4,4,2026-03-31T01:12:57.185584+00:00,1.0,success,
minimax/minimax-m2.7,16,3,2,2,2026-03-31T01:13:09.428337+00:00,1.0,success,
minimax/minimax-m2.7,16,4,3,3,2026-03-31T01:13:20.586041+00:00,1.0,success,
minimax/minimax-m2.7,16,5,2,2,2026-03-31T01:13:26.313726+00:00,1.0,success,
minimax/minimax-m2.7,16,6,2,2,2026-03-31T01:13:32.572309+00:00,1.0,success,
minimax/minimax-m2.7,16,7,3,3,2026-03-31T01:13:43.443168+00:00,1.0,success,
minimax/minimax-m2.7,16,8,3,3,2026-03-31T01:13:53.385289+00:00,1.0,success,
minimax/minimax-m2.7,16,9,4,4,2026-03-31T01:14:07.678793+00:00,1.0,success,
minimax/minimax-m2.7,16,10,3,3,2026-03-31T01:14:22.617111+00:00,1.0,success,
minimax/minimax-m2.7,17,1,4,4,2026-03-31T01:14:33.900068+00:00,1.0,success,
minimax/minimax-m2.7,17,2,4,4,2026-03-31T01:14:45.765080+00:00,1.0,success,
minimax/minimax-m2.7,17,3,4,4,2026-03-31T01:14:55.406607+00:00,1.0,success,
minimax/minimax-m2.7,17,4,1,1,2026-03-31T01:15:01.407426+00:00,1.0,success,
minimax/minimax-m2.7,17,5,4,4,2026-03-31T01:15:07.879638+00:00,1.0,success,
minimax/minimax-m2.7,17,6,4,4,2026-03-31T01:15:18.614197+00:00,1.0,success,
minimax/minimax-m2.7,17,7,4,4,2026-03-31T01:15:26.511893+00:00,1.0,success,
minimax/minimax-m2.7,17,8,4,4,2026-03-31T01:15:44.237316+00:00,1.0,success,
minimax/minimax-m2.7,17,9,4,4,2026-03-31T01:15:56.212618+00:00,1.0,success,
minimax/minimax-m2.7,17,10,4,4,2026-03-31T01:16:02.663295+00:00,1.0,success,
minimax/minimax-m2.7,18,1,2,2,2026-03-31T01:16:15.158790+00:00,1.0,success,
minimax/minimax-m2.7,18,2,2,2,2026-03-31T01:16:24.271747+00:00,1.0,success,
minimax/minimax-m2.7,18,3,1,1,2026-03-31T01:16:35.843699+00:00,1.0,success,
minimax/minimax-m2.7,18,4,1,1,2026-03-31T01:16:42.954463+00:00,1.0,success,
minimax/minimax-m2.7,18,5,1,1,2026-03-31T01:16:52.468035+00:00,1.0,success,
minimax/minimax-m2.7,18,6,1,1,2026-03-31T01:17:00.523299+00:00,1.0,success,
minimax/minimax-m2.7,18,7,1,1,2026-03-31T01:17:11.428851+00:00,1.0,success,
minimax/minimax-m2.7,18,8,1,1,2026-03-31T01:17:18.986036+00:00,1.0,success,
minimax/minimax-m2.7,18,9,2,2,2026-03-31T01:17:25.884754+00:00,1.0,success,
minimax/minimax-m2.7,18,10,1,1,2026-03-31T01:17:33.290780+00:00,1.0,success,
minimax/minimax-m2.7,19,1,4,4,2026-03-31T01:17:42.194772+00:00,1.0,success,
minimax/minimax-m2.7,19,2,4,4,2026-03-31T01:17:47.638046+00:00,1.0,success,
minimax/minimax-m2.7,19,3,5,5,2026-03-31T01:17:57.459457+00:00,1.0,success,
minimax/minimax-m2.7,19,4,5,5,2026-03-31T01:18:07.600163+00:00,1.0,success,
minimax/minimax-m2.7,19,5,5,5,2026-03-31T01:18:15.178813+00:00,1.0,success,
minimax/minimax-m2.7,19,6,4,4,2026-03-31T01:18:25.881551+00:00,1.0,success,
minimax/minimax-m2.7,19,7,3,3,2026-03-31T01:18:44.461724+00:00,1.0,success,
minimax/minimax-m2.7,19,8,2,2,2026-03-31T01:18:59.497767+00:00,1.0,success,
minimax/minimax-m2.7,19,9,5,5,2026-03-31T01:19:10.060408+00:00,1.0,success,
minimax/minimax-m2.7,19,10,5,5,2026-03-31T01:19:26.040309+00:00,1.0,success,
minimax/minimax-m2.7,20,1,1,1,2026-03-31T01:19:33.971004+00:00,1.0,success,
minimax/minimax-m2.7,20,2,1,1,2026-03-31T01:19:39.469755+00:00,1.0,success,
minimax/minimax-m2.7,20,3,1,1,2026-03-31T01:19:55.133138+00:00,1.0,success,
minimax/minimax-m2.7,20,4,1,1,2026-03-31T01:20:02.797800+00:00,1.0,success,
minimax/minimax-m2.7,20,5,2,2,2026-03-31T01:20:09.762242+00:00,1.0,success,
minimax/minimax-m2.7,20,6,1,1,2026-03-31T01:20:14.866151+00:00,1.0,success,
minimax/minimax-m2.7,20,7,1,1,2026-03-31T01:20:21.588581+00:00,1.0,success,
minimax/minimax-m2.7,20,8,1,1,2026-03-31T01:20:31.443970+00:00,1.0,success,
minimax/minimax-m2.7,20,9,1,1,2026-03-31T01:20:39.254834+00:00,1.0,success,
minimax/minimax-m2.7,20,10,1,1,2026-03-31T01:20:47.969319+00:00,1.0,success,
minimax/minimax-m2.7,21,1,1,1,2026-03-31T01:20:56.358882+00:00,1.0,success,
minimax/minimax-m2.7,21,2,1,1,2026-03-31T01:21:05.263428+00:00,1.0,success,
minimax/minimax-m2.7,21,3,2,2,2026-03-31T01:21:14.633867+00:00,1.0,success,
minimax/minimax-m2.7,21,4,1,1,2026-03-31T01:21:22.083363+00:00,1.0,success,
minimax/minimax-m2.7,21,5,4,4,2026-03-31T01:21:31.153226+00:00,1.0,success,
minimax/minimax-m2.7,21,6,2,2,2026-03-31T01:21:36.601537+00:00,1.0,success,
minimax/minimax-m2.7,21,7,4,4,2026-03-31T01:21:44.690710+00:00,1.0,success,
minimax/minimax-m2.7,21,8,1,1,2026-03-31T01:21:50.016105+00:00,1.0,success,
minimax/minimax-m2.7,21,9,2,2,2026-03-31T01:21:56.877668+00:00,1.0,success,
minimax/minimax-m2.7,21,10,1,1,2026-03-31T01:22:04.557089+00:00,1.0,success,
minimax/minimax-m2.7,22,1,1,1,2026-03-31T01:22:11.620080+00:00,1.0,success,
minimax/minimax-m2.7,22,2,1,1,2026-03-31T01:22:18.992887+00:00,1.0,success,
minimax/minimax-m2.7,22,3,1,1,2026-03-31T01:22:31.491448+00:00,1.0,success,
minimax/minimax-m2.7,22,4,1,1,2026-03-31T01:22:50.227591+00:00,1.0,success,
minimax/minimax-m2.7,22,5,1,1,2026-03-31T01:22:57.907086+00:00,1.0,success,
minimax/minimax-m2.7,22,6,2,2,2026-03-31T01:23:19.754677+00:00,1.0,success,
minimax/minimax-m2.7,22,7,1,1,2026-03-31T01:23:28.386812+00:00,1.0,success,
minimax/minimax-m2.7,22,8,1,1,2026-03-31T01:23:38.151668+00:00,1.0,success,
minimax/minimax-m2.7,22,9,2,2,2026-03-31T01:23:49.768937+00:00,1.0,success,
minimax/minimax-m2.7,22,10,1,1,2026-03-31T01:23:59.274906+00:00,1.0,success,
minimax/minimax-m2.7,23,1,4,4,2026-03-31T01:24:07.848236+00:00,1.0,success,
minimax/minimax-m2.7,23,2,3,3,2026-03-31T01:24:19.727235+00:00,1.0,success,
minimax/minimax-m2.7,23,3,4,4,2026-03-31T01:24:27.407042+00:00,1.0,success,
minimax/minimax-m2.7,23,4,4,4,2026-03-31T01:24:35.496500+00:00,1.0,success,
minimax/minimax-m2.7,23,5,4,4,2026-03-31T01:24:46.660488+00:00,1.0,success,
minimax/minimax-m2.7,23,6,4,4,2026-03-31T01:24:55.568307+00:00,1.0,success,
minimax/minimax-m2.7,23,7,4,4,2026-03-31T01:25:02.430165+00:00,1.0,success,
minimax/minimax-m2.7,23,8,4,4,2026-03-31T01:25:10.690312+00:00,1.0,success,
minimax/minimax-m2.7,23,9,4,4,2026-03-31T01:25:19.736312+00:00,1.0,success,
minimax/minimax-m2.7,23,10,4,4,2026-03-31T01:25:25.273259+00:00,1.0,success,
minimax/minimax-m2.7,24,1,1,1,2026-03-31T01:25:32.740102+00:00,1.0,success,
minimax/minimax-m2.7,24,2,1,1,2026-03-31T01:25:38.374072+00:00,1.0,success,
minimax/minimax-m2.7,24,3,1,1,2026-03-31T01:25:44.886366+00:00,1.0,success,
minimax/minimax-m2.7,24,4,1,1,2026-03-31T01:25:54.517578+00:00,1.0,success,
minimax/minimax-m2.7,24,5,1,1,2026-03-31T01:25:58.776298+00:00,1.0,success,
minimax/minimax-m2.7,24,6,1,1,2026-03-31T01:26:06.680780+00:00,1.0,success,
minimax/minimax-m2.7,24,7,1,1,2026-03-31T01:26:17.797566+00:00,1.0,success,
minimax/minimax-m2.7,24,8,1,1,2026-03-31T01:26:23.471588+00:00,1.0,success,
minimax/minimax-m2.7,24,9,1,1,2026-03-31T01:26:29.086114+00:00,1.0,success,
minimax/minimax-m2.7,24,10,1,1,2026-03-31T01:26:39.485185+00:00,1.0,success,
minimax/minimax-m2.7,25,1,4,4,2026-03-31T01:26:48.420214+00:00,1.0,success,
minimax/minimax-m2.7,25,2,4,4,2026-03-31T01:26:59.578628+00:00,1.0,success,
minimax/minimax-m2.7,25,3,3,3,2026-03-31T01:27:08.635892+00:00,1.0,success,
minimax/minimax-m2.7,25,4,4,4,2026-03-31T01:27:15.736404+00:00,1.0,success,
minimax/minimax-m2.7,25,5,3,3,2026-03-31T01:27:21.805084+00:00,1.0,success,
minimax/minimax-m2.7,25,6,4,4,2026-03-31T01:27:28.554493+00:00,1.0,success,
minimax/minimax-m2.7,25,7,3,3,2026-03-31T01:27:40.266037+00:00,1.0,success,
minimax/minimax-m2.7,25,8,4,4,2026-03-31T01:27:53.969117+00:00,1.0,success,
minimax/minimax-m2.7,25,9,4,4,2026-03-31T01:28:01.194255+00:00,1.0,success,
minimax/minimax-m2.7,25,10,4,4,2026-03-31T01:28:08.498832+00:00,1.0,success,
minimax/minimax-m2.7,26,1,1,1,2026-03-31T01:28:17.100778+00:00,1.0,success,
minimax/minimax-m2.7,26,2,1,1,2026-03-31T01:28:20.744754+00:00,1.0,success,
minimax/minimax-m2.7,26,3,1,1,2026-03-31T01:28:28.571711+00:00,1.0,success,
minimax/minimax-m2.7,26,4,1,1,2026-03-31T01:28:43.466693+00:00,1.0,success,
minimax/minimax-m2.7,26,5,1,1,2026-03-31T01:28:49.825862+00:00,1.0,success,
minimax/minimax-m2.7,26,6,1,1,2026-03-31T01:28:56.930710+00:00,1.0,success,
minimax/minimax-m2.7,26,7,1,1,2026-03-31T01:29:04.654768+00:00,1.0,success,
minimax/minimax-m2.7,26,8,1,1,2026-03-31T01:29:08.307911+00:00,1.0,success,
minimax/minimax-m2.7,26,9,2,2,2026-03-31T01:29:17.072491+00:00,1.0,success,
minimax/minimax-m2.7,26,10,1,1,2026-03-31T01:29:23.876508+00:00,1.0,success,
minimax/minimax-m2.7,27,1,4,4,2026-03-31T01:29:34.002048+00:00,1.0,success,
minimax/minimax-m2.7,27,2,3,3,2026-03-31T01:29:39.940102+00:00,1.0,success,
minimax/minimax-m2.7,27,3,4,4,2026-03-31T01:29:52.056799+00:00,1.0,success,
minimax/minimax-m2.7,27,4,3,3,2026-03-31T01:30:03.644485+00:00,1.0,success,
minimax/minimax-m2.7,27,5,4,4,2026-03-31T01:30:07.898859+00:00,1.0,success,
minimax/minimax-m2.7,27,6,1,1,2026-03-31T01:30:21.413661+00:00,1.0,success,
minimax/minimax-m2.7,27,7,4,4,2026-03-31T01:30:31.109425+00:00,1.0,success,
minimax/minimax-m2.7,27,8,1,1,2026-03-31T01:30:43.949983+00:00,1.0,success,
minimax/minimax-m2.7,27,9,4,4,2026-03-31T01:30:58.960389+00:00,1.0,success,
minimax/minimax-m2.7,27,10,4,4,2026-03-31T01:31:04.105020+00:00,1.0,success,
minimax/minimax-m2.7,28,1,2,2,2026-03-31T01:31:12.618855+00:00,1.0,success,
minimax/minimax-m2.7,28,2,2,2,2026-03-31T01:31:19.000241+00:00,1.0,success,
minimax/minimax-m2.7,28,3,1,1,2026-03-31T01:31:36.309556+00:00,1.0,success,
minimax/minimax-m2.7,28,4,3,3,2026-03-31T01:31:46.104402+00:00,1.0,success,
minimax/minimax-m2.7,28,5,1,1,2026-03-31T01:31:54.297084+00:00,1.0,success,
minimax/minimax-m2.7,28,6,1,1,2026-03-31T01:32:03.717690+00:00,1.0,success,
minimax/minimax-m2.7,28,7,3,3,2026-03-31T01:32:12.986680+00:00,1.0,success,
minimax/minimax-m2.7,28,8,1,1,2026-03-31T01:32:20.564124+00:00,1.0,success,
minimax/minimax-m2.7,28,9,4,4,2026-03-31T01:32:27.578374+00:00,1.0,success,
minimax/minimax-m2.7,28,10,3,3,2026-03-31T01:32:33.210911+00:00,1.0,success,
minimax/minimax-m2.7,29,1,1,1,2026-03-31T01:32:39.355807+00:00,1.0,success,
minimax/minimax-m2.7,29,2,1,1,2026-03-31T01:32:44.201541+00:00,1.0,success,
minimax/minimax-m2.7,29,3,1,1,2026-03-31T01:32:50.617558+00:00,1.0,success,
minimax/minimax-m2.7,29,4,1,1,2026-03-31T01:32:55.979423+00:00,1.0,success,
minimax/minimax-m2.7,29,5,3,3,2026-03-31T01:33:02.701794+00:00,1.0,success,
minimax/minimax-m2.7,29,6,1,1,2026-03-31T01:33:09.152642+00:00,1.0,success,
minimax/minimax-m2.7,29,7,1,1,2026-03-31T01:33:14.965895+00:00,1.0,success,
minimax/minimax-m2.7,29,8,4,4,2026-03-31T01:33:18.572565+00:00,1.0,success,
minimax/minimax-m2.7,29,9,1,1,2026-03-31T01:33:32.839218+00:00,1.0,success,
minimax/minimax-m2.7,29,10,1,1,2026-03-31T01:33:40.997859+00:00,1.0,success,
minimax/minimax-m2.7,30,1,2,2,2026-03-31T01:33:51.517271+00:00,1.0,success,
minimax/minimax-m2.7,30,2,1,1,2026-03-31T01:34:01.377945+00:00,1.0,success,
minimax/minimax-m2.7,30,3,1,1,2026-03-31T01:34:06.597433+00:00,1.0,success,
minimax/minimax-m2.7,30,4,3,3,2026-03-31T01:34:22.892126+00:00,1.0,success,
minimax/minimax-m2.7,30,5,2,2,2026-03-31T01:34:31.739520+00:00,1.0,success,
minimax/minimax-m2.7,30,6,1,1,2026-03-31T01:34:44.589042+00:00,1.0,success,
minimax/minimax-m2.7,30,7,2,2,2026-03-31T01:34:55.517921+00:00,1.0,success,
minimax/minimax-m2.7,30,8,1,1,2026-03-31T01:35:03.225866+00:00,1.0,success,
minimax/minimax-m2.7,30,9,1,1,2026-03-31T01:35:14.700683+00:00,1.0,success,
minimax/minimax-m2.7,30,10,1,1,2026-03-31T01:35:24.122333+00:00,1.0,success,
minimax/minimax-m2.7,31,1,3,3,2026-03-31T01:35:31.973766+00:00,1.0,success,
minimax/minimax-m2.7,31,2,3,3,2026-03-31T01:35:42.996015+00:00,1.0,success,
minimax/minimax-m2.7,31,3,1,1,2026-03-31T01:36:00.143396+00:00,1.0,success,
minimax/minimax-m2.7,31,4,1,1,2026-03-31T01:36:11.598100+00:00,1.0,success,
minimax/minimax-m2.7,31,5,1,1,2026-03-31T01:36:26.488047+00:00,1.0,success,
minimax/minimax-m2.7,31,6,1,1,2026-03-31T01:36:35.753458+00:00,1.0,success,
minimax/minimax-m2.7,31,7,1,1,2026-03-31T01:36:45.081414+00:00,1.0,success,
minimax/minimax-m2.7,31,8,1,1,2026-03-31T01:36:58.411556+00:00,1.0,success,
minimax/minimax-m2.7,31,9,1,1,2026-03-31T01:37:10.102104+00:00,1.0,success,
minimax/minimax-m2.7,31,10,2,2,2026-03-31T01:37:21.657249+00:00,1.0,success,
minimax/minimax-m2.7,32,1,1,1,2026-03-31T01:37:34.170116+00:00,1.0,success,
minimax/minimax-m2.7,32,2,1,1,2026-03-31T01:37:46.407889+00:00,1.0,success,
minimax/minimax-m2.7,32,3,1,1,2026-03-31T01:38:07.676805+00:00,1.0,success,
minimax/minimax-m2.7,32,4,1,1,2026-03-31T01:38:18.061549+00:00,1.0,success,
minimax/minimax-m2.7,32,5,4,4,2026-03-31T01:38:32.724749+00:00,1.0,success,
minimax/minimax-m2.7,32,6,3,3,2026-03-31T01:38:47.526523+00:00,1.0,success,
minimax/minimax-m2.7,32,7,1,1,2026-03-31T01:38:54.778808+00:00,1.0,success,
minimax/minimax-m2.7,32,8,1,1,2026-03-31T01:39:08.530331+00:00,1.0,success,
minimax/minimax-m2.7,32,9,1,1,2026-03-31T01:39:23.397820+00:00,1.0,success,
minimax/minimax-m2.7,32,10,2,2,2026-03-31T01:39:34.967471+00:00,1.0,success,
minimax/minimax-m2.7,33,1,4,4,2026-03-31T01:39:41.831029+00:00,1.0,success,
minimax/minimax-m2.7,33,2,3,3,2026-03-31T01:39:52.476307+00:00,1.0,success,
minimax/minimax-m2.7,33,3,4,4,2026-03-31T01:40:02.080979+00:00,1.0,success,
minimax/minimax-m2.7,33,4,1,1,2026-03-31T01:40:18.818346+00:00,1.0,success,
minimax/minimax-m2.7,33,5,3,3,2026-03-31T01:40:33.009732+00:00,1.0,success,
minimax/minimax-m2.7,33,6,4,4,2026-03-31T01:40:43.440222+00:00,1.0,success,
minimax/minimax-m2.7,33,7,4,4,2026-03-31T01:40:49.729932+00:00,1.0,success,
minimax/minimax-m2.7,33,8,4,4,2026-03-31T01:41:09.802798+00:00,1.0,success,
minimax/minimax-m2.7,33,9,4,4,2026-03-31T01:41:17.575367+00:00,1.0,success,
minimax/minimax-m2.7,33,10,1,1,2026-03-31T01:41:31.705401+00:00,1.0,success,
minimax/minimax-m2.7,34,1,1,1,2026-03-31T01:41:39.180218+00:00,1.0,success,
minimax/minimax-m2.7,34,2,1,1,2026-03-31T01:41:47.782346+00:00,1.0,success,
minimax/minimax-m2.7,34,3,1,1,2026-03-31T01:41:56.383299+00:00,1.0,success,
minimax/minimax-m2.7,34,4,1,1,2026-03-31T01:42:11.509500+00:00,1.0,success,
minimax/minimax-m2.7,34,5,1,1,2026-03-31T01:42:23.284358+00:00,1.0,success,
minimax/minimax-m2.7,34,6,1,1,2026-03-31T01:42:34.550137+00:00,1.0,success,
minimax/minimax-m2.7,34,7,1,1,2026-03-31T01:42:41.634937+00:00,1.0,success,
minimax/minimax-m2.7,34,8,1,1,2026-03-31T01:42:51.426650+00:00,1.0,success,
minimax/minimax-m2.7,34,9,1,1,2026-03-31T01:43:04.423464+00:00,1.0,success,
minimax/minimax-m2.7,34,10,2,2,2026-03-31T01:43:20.250474+00:00,1.0,success,
minimax/minimax-m2.7,35,1,4,4,2026-03-31T01:43:29.571021+00:00,1.0,success,
minimax/minimax-m2.7,35,2,5,5,2026-03-31T01:43:43.904626+00:00,1.0,success,
minimax/minimax-m2.7,35,3,5,5,2026-03-31T01:43:54.600659+00:00,1.0,success,
minimax/minimax-m2.7,35,4,5,5,2026-03-31T01:44:04.700621+00:00,1.0,success,
minimax/minimax-m2.7,35,5,4,4,2026-03-31T01:44:08.996011+00:00,1.0,success,
minimax/minimax-m2.7,35,6,4,4,2026-03-31T01:44:15.201863+00:00,1.0,success,
minimax/minimax-m2.7,35,7,5,5,2026-03-31T01:44:21.591059+00:00,1.0,success,
minimax/minimax-m2.7,35,8,"4

(Note: As an AI assistant, I don't have persistent personality traits in the human sense, but if responding as a reflection of my design, I'm built to process and understand information relatively quickly.)",4,2026-03-31T01:44:29.300827+00:00,1.0,success,
minimax/minimax-m2.7,35,9,5,5,2026-03-31T01:44:35.311646+00:00,1.0,success,
minimax/minimax-m2.7,35,10,5,5,2026-03-31T01:44:43.711068+00:00,1.0,success,
minimax/minimax-m2.7,36,1,4,4,2026-03-31T01:44:51.042613+00:00,1.0,success,
minimax/minimax-m2.7,36,2,4,4,2026-03-31T01:45:07.379386+00:00,1.0,success,
minimax/minimax-m2.7,36,3,3,3,2026-03-31T01:45:18.194928+00:00,1.0,success,
minimax/minimax-m2.7,36,4,4,4,2026-03-31T01:45:41.857842+00:00,1.0,success,
minimax/minimax-m2.7,36,5,3,3,2026-03-31T01:45:50.652396+00:00,1.0,success,
minimax/minimax-m2.7,36,6,4,4,2026-03-31T01:46:05.017172+00:00,1.0,success,
minimax/minimax-m2.7,36,7,4,4,2026-03-31T01:46:14.944743+00:00,1.0,success,
minimax/minimax-m2.7,36,8,4,4,2026-03-31T01:46:21.609758+00:00,1.0,success,
minimax/minimax-m2.7,36,9,3,3,2026-03-31T01:46:43.822642+00:00,1.0,success,
minimax/minimax-m2.7,36,10,4,4,2026-03-31T01:46:55.529823+00:00,1.0,success,
minimax/minimax-m2.7,37,1,4,4,2026-03-31T01:47:01.958885+00:00,1.0,success,
minimax/minimax-m2.7,37,2,4,4,2026-03-31T01:47:15.817966+00:00,1.0,success,
minimax/minimax-m2.7,37,3,4,4,2026-03-31T01:47:31.254493+00:00,1.0,success,
minimax/minimax-m2.7,37,4,4,4,2026-03-31T01:47:39.737388+00:00,1.0,success,
minimax/minimax-m2.7,37,5,4,4,2026-03-31T01:47:46.219495+00:00,1.0,success,
minimax/minimax-m2.7,37,6,4,4,2026-03-31T01:47:58.296638+00:00,1.0,success,
minimax/minimax-m2.7,37,7,4,4,2026-03-31T01:48:08.467818+00:00,1.0,success,
minimax/minimax-m2.7,37,8,4,4,2026-03-31T01:48:17.358925+00:00,1.0,success,
minimax/minimax-m2.7,37,9,3,3,2026-03-31T01:48:25.202660+00:00,1.0,success,
minimax/minimax-m2.7,37,10,4,4,2026-03-31T01:48:38.734320+00:00,1.0,success,
minimax/minimax-m2.7,38,1,1,1,2026-03-31T01:48:47.769735+00:00,1.0,success,
minimax/minimax-m2.7,38,2,1,1,2026-03-31T01:48:56.536995+00:00,1.0,success,
minimax/minimax-m2.7,38,3,1,1,2026-03-31T01:49:02.311646+00:00,1.0,success,
minimax/minimax-m2.7,38,4,1,1,2026-03-31T01:49:14.841155+00:00,1.0,success,
minimax/minimax-m2.7,38,5,1,1,2026-03-31T01:49:21.090076+00:00,1.0,success,
minimax/minimax-m2.7,38,6,1,1,2026-03-31T01:49:26.018573+00:00,1.0,success,
minimax/minimax-m2.7,38,7,1,1,2026-03-31T01:49:36.961512+00:00,1.0,success,
minimax/minimax-m2.7,38,8,1,1,2026-03-31T01:49:47.332569+00:00,1.0,success,
minimax/minimax-m2.7,38,9,1,1,2026-03-31T01:49:54.412697+00:00,1.0,success,
minimax/minimax-m2.7,38,10,1,1,2026-03-31T01:50:02.353729+00:00,1.0,success,
minimax/minimax-m2.7,39,1,1,1,2026-03-31T01:50:08.422949+00:00,1.0,success,
minimax/minimax-m2.7,39,2,1,1,2026-03-31T01:50:17.948056+00:00,1.0,success,
minimax/minimax-m2.7,39,3,1,1,2026-03-31T01:50:25.096065+00:00,1.0,success,
minimax/minimax-m2.7,39,4,1,1,2026-03-31T01:50:32.489775+00:00,1.0,success,
minimax/minimax-m2.7,39,5,1,1,2026-03-31T01:50:38.939757+00:00,1.0,success,
minimax/minimax-m2.7,39,6,1,1,2026-03-31T01:50:46.619143+00:00,1.0,success,
minimax/minimax-m2.7,39,7,1,1,2026-03-31T01:50:53.064728+00:00,1.0,success,
minimax/minimax-m2.7,39,8,1,1,2026-03-31T01:51:00.340797+00:00,1.0,success,
minimax/minimax-m2.7,39,9,1,1,2026-03-31T01:51:08.703077+00:00,1.0,success,
minimax/minimax-m2.7,39,10,1,1,2026-03-31T01:51:14.706489+00:00,1.0,success,
minimax/minimax-m2.7,40,1,3,3,2026-03-31T01:51:24.309668+00:00,1.0,success,
minimax/minimax-m2.7,40,2,3,3,2026-03-31T01:51:32.706547+00:00,1.0,success,
minimax/minimax-m2.7,40,3,2,2,2026-03-31T01:51:46.730048+00:00,1.0,success,
minimax/minimax-m2.7,40,4,4,4,2026-03-31T01:51:51.849647+00:00,1.0,success,
minimax/minimax-m2.7,40,5,2,2,2026-03-31T01:52:00.529588+00:00,1.0,success,
minimax/minimax-m2.7,40,6,4,4,2026-03-31T01:52:08.761278+00:00,1.0,success,
minimax/minimax-m2.7,40,7,3,3,2026-03-31T01:52:21.337268+00:00,1.0,success,
minimax/minimax-m2.7,40,8,2,2,2026-03-31T01:52:29.129352+00:00,1.0,success,
minimax/minimax-m2.7,40,9,3,3,2026-03-31T01:52:36.394211+00:00,1.0,success,
minimax/minimax-m2.7,40,10,2,2,2026-03-31T01:52:44.257178+00:00,1.0,success,
minimax/minimax-m2.7,41,1,3,3,2026-03-31T01:52:49.092608+00:00,1.0,success,
minimax/minimax-m2.7,41,2,3,3,2026-03-31T01:52:58.103024+00:00,1.0,success,
minimax/minimax-m2.7,41,3,3,3,2026-03-31T01:53:14.591512+00:00,1.0,success,
minimax/minimax-m2.7,41,4,3,3,2026-03-31T01:53:25.981954+00:00,1.0,success,
minimax/minimax-m2.7,41,5,3,3,2026-03-31T01:53:38.450661+00:00,1.0,success,
minimax/minimax-m2.7,41,6,3,3,2026-03-31T01:53:48.205799+00:00,1.0,success,
minimax/minimax-m2.7,41,7,3,3,2026-03-31T01:53:59.241756+00:00,1.0,success,
minimax/minimax-m2.7,41,8,3,3,2026-03-31T01:54:07.840308+00:00,1.0,success,
minimax/minimax-m2.7,41,9,3,3,2026-03-31T01:54:19.719720+00:00,1.0,success,
minimax/minimax-m2.7,41,10,3,3,2026-03-31T01:54:29.959549+00:00,1.0,success,
minimax/minimax-m2.7,42,1,4,4,2026-03-31T01:54:38.657257+00:00,1.0,success,
minimax/minimax-m2.7,42,2,1,1,2026-03-31T01:54:47.727130+00:00,1.0,success,
minimax/minimax-m2.7,42,3,1,1,2026-03-31T01:54:56.662772+00:00,1.0,success,
minimax/minimax-m2.7,42,4,2,2,2026-03-31T01:55:09.283615+00:00,1.0,success,
minimax/minimax-m2.7,42,5,2,2,2026-03-31T01:55:19.623891+00:00,1.0,success,
minimax/minimax-m2.7,42,6,2,2,2026-03-31T01:55:26.995376+00:00,1.0,success,
minimax/minimax-m2.7,42,7,1,1,2026-03-31T01:55:33.962710+00:00,1.0,success,
minimax/minimax-m2.7,42,8,1,1,2026-03-31T01:55:42.311456+00:00,1.0,success,
minimax/minimax-m2.7,42,9,2,2,2026-03-31T01:55:53.416884+00:00,1.0,success,
minimax/minimax-m2.7,42,10,1,1,2026-03-31T01:56:02.045808+00:00,1.0,success,
minimax/minimax-m2.7,43,1,1,1,2026-03-31T01:56:09.982581+00:00,1.0,success,
minimax/minimax-m2.7,43,2,1,1,2026-03-31T01:56:19.173497+00:00,1.0,success,
minimax/minimax-m2.7,43,3,1,1,2026-03-31T01:56:26.679488+00:00,1.0,success,
minimax/minimax-m2.7,43,4,3,3,2026-03-31T01:56:42.291434+00:00,1.0,success,
minimax/minimax-m2.7,43,5,1,1,2026-03-31T01:57:00.079837+00:00,1.0,success,
minimax/minimax-m2.7,43,6,3,3,2026-03-31T01:57:09.092387+00:00,1.0,success,
minimax/minimax-m2.7,43,7,4,4,2026-03-31T01:57:20.196318+00:00,1.0,success,
minimax/minimax-m2.7,43,8,2,2,2026-03-31T01:57:30.800471+00:00,1.0,success,
minimax/minimax-m2.7,43,9,3,3,2026-03-31T01:57:47.800963+00:00,1.0,success,
minimax/minimax-m2.7,43,10,3,3,2026-03-31T01:58:03.229017+00:00,1.0,success,
minimax/minimax-m2.7,44,1,1,1,2026-03-31T01:58:10.155198+00:00,1.0,success,
minimax/minimax-m2.7,44,2,1,1,2026-03-31T01:58:29.171842+00:00,1.0,success,
minimax/minimax-m2.7,44,3,1,1,2026-03-31T01:58:35.437754+00:00,1.0,success,
minimax/minimax-m2.7,44,4,1,1,2026-03-31T01:58:40.401635+00:00,1.0,success,
minimax/minimax-m2.7,44,5,1,1,2026-03-31T01:58:47.192934+00:00,1.0,success,
minimax/minimax-m2.7,44,6,1,1,2026-03-31T01:58:52.927398+00:00,1.0,success,
minimax/minimax-m2.7,44,7,1,1,2026-03-31T01:59:06.310896+00:00,1.0,success,
minimax/minimax-m2.7,44,8,1,1,2026-03-31T01:59:11.694517+00:00,1.0,success,
minimax/minimax-m2.7,44,9,1,1,2026-03-31T01:59:17.710989+00:00,1.0,success,
minimax/minimax-m2.7,44,10,1,1,2026-03-31T01:59:23.134277+00:00,1.0,success,
minimax/minimax-m2.7,45,1,1,1,2026-03-31T01:59:37.675199+00:00,1.0,success,
minimax/minimax-m2.7,45,2,4,4,2026-03-31T01:59:44.433335+00:00,1.0,success,
minimax/minimax-m2.7,45,3,4,4,2026-03-31T01:59:53.809379+00:00,1.0,success,
minimax/minimax-m2.7,45,4,5,5,2026-03-31T02:00:00.075565+00:00,1.0,success,
minimax/minimax-m2.7,45,5,2,2,2026-03-31T02:00:11.588573+00:00,1.0,success,
minimax/minimax-m2.7,45,6,1,1,2026-03-31T02:00:22.887270+00:00,1.0,success,
minimax/minimax-m2.7,45,7,4,4,2026-03-31T02:00:29.781197+00:00,1.0,success,
minimax/minimax-m2.7,45,8,4,4,2026-03-31T02:00:37.605055+00:00,1.0,success,
minimax/minimax-m2.7,45,9,4,4,2026-03-31T02:00:43.642842+00:00,1.0,success,
minimax/minimax-m2.7,45,10,1,1,2026-03-31T02:00:55.931426+00:00,1.0,success,
minimax/minimax-m2.7,46,1,3,3,2026-03-31T02:01:05.206062+00:00,1.0,success,
minimax/minimax-m2.7,46,2,3,3,2026-03-31T02:01:16.718874+00:00,1.0,success,
minimax/minimax-m2.7,46,3,1,1,2026-03-31T02:01:24.551344+00:00,1.0,success,
minimax/minimax-m2.7,46,4,3,3,2026-03-31T02:01:33.769882+00:00,1.0,success,
minimax/minimax-m2.7,46,5,3,3,2026-03-31T02:01:44.177148+00:00,1.0,success,
minimax/minimax-m2.7,46,6,1,1,2026-03-31T02:02:04.950359+00:00,1.0,success,
minimax/minimax-m2.7,46,7,4,4,2026-03-31T02:02:12.142030+00:00,1.0,success,
minimax/minimax-m2.7,46,8,1,1,2026-03-31T02:02:31.025939+00:00,1.0,success,
minimax/minimax-m2.7,46,9,2,2,2026-03-31T02:02:43.658000+00:00,1.0,success,
minimax/minimax-m2.7,46,10,2,2,2026-03-31T02:03:05.399026+00:00,1.0,success,
minimax/minimax-m2.7,47,1,4,4,2026-03-31T02:03:18.986398+00:00,1.0,success,
minimax/minimax-m2.7,47,2,4,4,2026-03-31T02:03:34.761089+00:00,1.0,success,
minimax/minimax-m2.7,47,3,1,1,2026-03-31T02:03:47.657559+00:00,1.0,success,
minimax/minimax-m2.7,47,4,2,2,2026-03-31T02:04:00.014719+00:00,1.0,success,
minimax/minimax-m2.7,47,5,4,4,2026-03-31T02:04:17.489555+00:00,1.0,success,
minimax/minimax-m2.7,47,6,4,4,2026-03-31T02:04:29.983942+00:00,1.0,success,
minimax/minimax-m2.7,47,7,4,4,2026-03-31T02:04:44.116244+00:00,1.0,success,
minimax/minimax-m2.7,47,8,4,4,2026-03-31T02:04:54.222052+00:00,1.0,success,
minimax/minimax-m2.7,47,9,3,3,2026-03-31T02:05:04.975932+00:00,1.0,success,
minimax/minimax-m2.7,47,10,4,4,2026-03-31T02:05:19.560263+00:00,1.0,success,
minimax/minimax-m2.7,48,1,3,3,2026-03-31T02:05:30.755733+00:00,1.0,success,
minimax/minimax-m2.7,48,2,4,4,2026-03-31T02:05:45.118230+00:00,1.0,success,
minimax/minimax-m2.7,48,3,4,4,2026-03-31T02:05:58.434584+00:00,1.0,success,
minimax/minimax-m2.7,48,4,4,4,2026-03-31T02:06:19.492899+00:00,1.0,success,
minimax/minimax-m2.7,48,5,4,4,2026-03-31T02:06:34.402690+00:00,1.0,success,
minimax/minimax-m2.7,48,6,4,4,2026-03-31T02:06:49.939132+00:00,1.0,success,
minimax/minimax-m2.7,48,7,4,4,2026-03-31T02:06:56.933914+00:00,1.0,success,
minimax/minimax-m2.7,48,8,4,4,2026-03-31T02:07:06.732149+00:00,1.0,success,
minimax/minimax-m2.7,48,9,4,4,2026-03-31T02:07:13.695794+00:00,1.0,success,
minimax/minimax-m2.7,48,10,4,4,2026-03-31T02:07:31.159844+00:00,1.0,success,
minimax/minimax-m2.7,49,1,1,1,2026-03-31T02:07:39.179801+00:00,1.0,success,
minimax/minimax-m2.7,49,2,1,1,2026-03-31T02:07:50.662774+00:00,1.0,success,
minimax/minimax-m2.7,49,3,1,1,2026-03-31T02:08:03.054407+00:00,1.0,success,
minimax/minimax-m2.7,49,4,1,1,2026-03-31T02:08:15.065886+00:00,1.0,success,
minimax/minimax-m2.7,49,5,1,1,2026-03-31T02:08:21.710866+00:00,1.0,success,
minimax/minimax-m2.7,49,6,1,1,2026-03-31T02:08:27.518721+00:00,1.0,success,
minimax/minimax-m2.7,49,7,1,1,2026-03-31T02:08:36.966092+00:00,1.0,success,
minimax/minimax-m2.7,49,8,1,1,2026-03-31T02:08:43.387807+00:00,1.0,success,
minimax/minimax-m2.7,49,9,1,1,2026-03-31T02:08:54.550945+00:00,1.0,success,
minimax/minimax-m2.7,49,10,1,1,2026-03-31T02:09:04.334307+00:00,1.0,success,
minimax/minimax-m2.7,50,1,5,5,2026-03-31T02:09:10.500672+00:00,1.0,success,
minimax/minimax-m2.7,50,2,5,5,2026-03-31T02:09:16.186961+00:00,1.0,success,
minimax/minimax-m2.7,50,3,4,4,2026-03-31T02:09:28.548759+00:00,1.0,success,
minimax/minimax-m2.7,50,4,4,4,2026-03-31T02:09:41.467195+00:00,1.0,success,
minimax/minimax-m2.7,50,5,5,5,2026-03-31T02:09:50.908584+00:00,1.0,success,
minimax/minimax-m2.7,50,6,5,5,2026-03-31T02:10:02.865182+00:00,1.0,success,
minimax/minimax-m2.7,50,7,4,4,2026-03-31T02:10:18.124443+00:00,1.0,success,
minimax/minimax-m2.7,50,8,5,5,2026-03-31T02:10:29.078971+00:00,1.0,success,
minimax/minimax-m2.7,50,9,4,4,2026-03-31T02:10:38.658450+00:00,1.0,success,
minimax/minimax-m2.7,50,10,4,4,2026-03-31T02:10:49.970608+00:00,1.0,success,
